{
    "relu":{
        "5k 7n 31p om chi Powell":{
            "2L":{
                "time": 20602.1352513,
                "fun": 0.0023189640810060376,
                "message": "Optimization terminated successfully.",
                "nfev": 380,
                "nit": 4,
                "status": 0,
                "success": true,
                "x": [1.63843242, 0.82390269, 1.85616479, 0.26759492, 0.17882749]
            },
            "3L":{
                "time": 15887.1190393,
                "fun": 0.0019824764147223857,
                "message": "Optimization terminated successfully.",
                "nfev": 279,
                "nit": 2,
                "status": 0,
                "success": true,
                "x": [ 1.62805173e+00,  7.34203883e-01,  1.14589800e+00, -5.43358031e-03,
                     1.28796768e-02,  6.19333495e+00,  1.63820958e-02,  4.59960720e-02]
            },
            "4L":{
                "time":20613.7115529,
                "fun": 0.0035682860120664576,
                "message": "Optimization terminated successfully.",
                "nfev": 366,
                "nit": 2,
                "status": 0,
                "success": true,
                "x": [ 1.35257852,  0.55381253,  3.95014023, -0.07319484, -0.02626238,
                     1.6661414 ,  0.16623727,  0.04019383,  1.52786406, -0.173696  ,
                     0.11604684]
            },
            "5L":{
                "time":28732.176257299998,
                "fun": 0.0024934492715193565,
                "message": "Optimization terminated successfully.",
                "nfev": 511,
                "nit": 2,
                "status": 0,
                "success": true,
                "x": [ 1.98974074e+00,  7.03603329e-01, -6.65572538e-01, -4.19657056e-01,
                     7.94856869e-02, -3.81966004e-01, -6.32839367e-02,  1.35482108e-01,
                     1.18624105e-03,  4.48547024e-01, -7.62475976e-03,  3.29503858e-03,
                    -2.32095453e-01, -9.70244568e-02]             
            }
        },
        "10k 7n 15p om chi Powell":{},
        "5k 7n 31p chi Powell":{},
        "10k 7n 41p chi Powell":{
            "2L":{
                "time": 2853.7677976,
                "fun": 0.0018893415251903228,
                "message": "Optimization terminated successfully.",
                "nfev": 164,
                "nit": 2,
                "status": 0,
                "success": true,
                "x": [ 1.93450703,  0.69134522, -0.46003449, -0.41420692,  0.12609238]
            },
            "4L":{
                "time": 7590.5631849,
                "fun": 0.00405040053278899,
                "message": "Optimization terminated successfully.",
                "nfev": 426,
                "nit": 2,
                "status": 0,
                "success": true,
                "x": ["missing", 4.55168428e-01, -1.67376209e+00, -1.55248400e-01, -1.68559829e-01,
                    -5.57425454e-01,  2.22699188e-07,  9.89107985e-02]
            },
            "5L":{
                "time": 13996.7454485,
                "fun": 0.002285090748923255,
                "message": "Optimization terminated successfully.",
                "nfev": 778,
                "nit": 3,
                "status": 0,
                "success": true,
                "x": [ 1.74060647,  0.74292935,  2.42341974,  0.25313006,  0.01398817,
                     3.90614397,  0.01969996,  0.02538119, -1.06939573,  0.31414898,
                     0.11557085,  1.63932018, -0.05391471, -0.02596603]
            }
        },
        "10k 7n 41p log Powell":{
            "2L":{
                "time":5580.3812765,
                "fun": -6.0464633301822355,
                "message": "Optimization terminated successfully.",
                "nfev": 317,
                "nit": 4,
                "status": 0,
                "success": true,
                "x": [ 1.55178443,  0.75140342, -0.67612904,  0.07845902,  0.10810307]
            },
            "4L":{
                "time": 12982.1255721,
                "fun": -6.057369936561618,
                "message": "Optimization terminated successfully.",
                "nfev": 725,
                "nit": 3,
                "status": 0,
                "success": true,
                "x": [ 1.64344041,  0.77507802,  2.08044739,  0.19766032,  0.0061124 ,
                    -4.87434101,  0.02233182,  0.04077137, -0.3345755 , -0.05427605,
                    -0.03081267]
            }
        },
        "10k 7n 41p chi cal50 Powell":{}        
    },
    "tanh":{
        "5k 7n 31p om chi Powell":{
            "2L":{
                "time":  14770.2380197,
                "fun": 0.13548590875922356,
                "message": "Optimization terminated successfully.",
                "nfev": 261,
                "nit": 3,
                "status": 0,
                "success": true,
                "x": [ 3.6744917 , -0.77307837, -4.81210694,  0.66642885, -0.11614944]
            },
            "3L":{
                "time":16182.0770211,
                "fun": 0.0110145847541324,
                "message": "Optimization terminated successfully.",
                "nfev": 294,
                "nit": 2,
                "status": 0,
                "success": true,
                "x": [ 1.01189517,  2.10132278, -0.00968815, -0.78124838, -0.43323925,
                     0.47213596,  0.0350677 ,  0.00319511]
            },
            "4L":{
                "time": 36174.1288484,
                "message": "Optimization terminated successfully.",
                "nfev": 595,
                "nit": 3,
                "status": 0,
                "success": true,
                "x": [ 6.64958061e-01,  9.16813504e-01,  2.90364971e+00, -3.18093774e-01,
                     2.32226792e-03,  2.71846786e-04,  7.87750396e-01, -5.69527363e-01,
                    -1.95133747e+01, -3.45527790e-02, -1.44822454e-01]
            }
        },
        "10k 7n 15p om chi Powell":{
            "2L":{
                "time":21027.4681883,
                "fun": 0.05087723315744286,
                "message": "Optimization terminated successfully.",
                "nfev": 389,
                "nit": 4,
                "status": 0,
                "success": true,
                "x": [ 8.61641583, -1.17648817,  2.42046542, -0.99787851,  3.40521626]
            },
            "4L":{
                "time": 48357.2619444,
                "fun": 0.017427852732122523,
                "message": "Optimization terminated successfully.",
                "nfev": 809,
                "nit": 4,
                "status": 0,
                "success": true,
                "x": [ 1.9807426 ,  0.91073968, -0.48626034, -1.1297738 ,  0.8102569 ,
                    -0.13950739, -0.65215349, -0.25364968,  1.85692657,  0.01507859,
                     0.15535881]
            }
        },
        "10k 7n 15p chi Powell":{
            "2L":{
                "time": 1533.8773839,
                "fun": 0.6515898516200292,
                "message": "Optimization terminated successfully.",
                "nfev": 177,
                "nit": 2,
                "status": 0,
                "success": true,
                "x": [ 2.0689131 ,  0.6180052 , -8.53803391,  0.14591243, -0.52480954]
            }
        },
        "5k 7n 31p chi Powell":{},
        "10k 7n 41p chi Powell":{
            "2L":{
                "fun": 0.009703875251007958,
                "message": "Optimization terminated successfully.",
                "nfev": 420,
                "nit": 5,
                "status": 0,
                "success": true,
                "x": [ 0.66026517,  1.43939101, -0.18971697, -0.8943565 ,  3.2389133 ]
            },
            "4L":{
                "time":18276.368151900002,
                "fun": 0.010729033425629024,
                "message": "Optimization terminated successfully.",
                "nfev": 1033,