{
    "relu":{
        "5k 7n 31p om chi Powell":{
            "2L":{
                "time": 20602.1352513,
                "fun": 0.0023189640810060376,
                "message": "Optimization terminated successfully.",
                "nfev": 380,
                "nit": 4,
                "status": 0,
                "success": true,
                "x": [1.63843242, 0.82390269, 1.85616479, 0.26759492, 0.17882749]
            },
            "3L":{
                "time": 15887.1190393,
                "fun": 0.0019824764147223857,
                "message": "Optimization terminated successfully.",
                "nfev": 279,
                "nit": 2,
                "status": 0,
                "success": true,
                "x": [ 1.62805173e+00,  7.34203883e-01,  1.14589800e+00, -5.43358031e-03,
                     1.28796768e-02,  6.19333495e+00,  1.63820958e-02,  4.59960720e-02]
            },
            "4L":{
                "time":20613.7115529,
                "fun": 0.0035682860120664576,
                "message": "Optimization terminated successfully.",
                "nfev": 366,
                "nit": 2,
                "status": 0,
                "success": true,
                "x": [ 1.35257852,  0.55381253,  3.95014023, -0.07319484, -0.02626238,
                     1.6661414 ,  0.16623727,  0.04019383,  1.52786406, -0.173696  ,
                     0.11604684]
            },
            "5L":{
                "time":28732.176257299998,
                "fun": 0.0024934492715193565,
                "message": "Optimization terminated successfully.",
                "nfev": 511,
                "nit": 2,
                "status": 0,
                "success": true,
                "x": [ 1.98974074e+00,  7.03603329e-01, -6.65572538e-01, -4.19657056e-01,
                     7.94856869e-02, -3.81966004e-01, -6.32839367e-02,  1.35482108e-01,
                     1.18624105e-03,  4.48547024e-01, -7.62475976e-03,  3.29503858e-03,
                    -2.32095453e-01, -9.70244568e-02]             
            }
        },
        "10k 7n 15p om chi Powell":{},
        "5k 7n 31p chi Powell":{
            "2L":{
                "time":  4513.5109991,
                "fun":  0.002784904098585507,
                "message": " Optimization terminated successfully. ",
                "nfev":  365,
                "nit": 4,
                "success": true,
                "x": [ 1.48049744,  0.76514248, -1.59043207,  0.16603779,  0.07639105]
            },
            "4L":{
                "time":  5488.0004804,
                "fun":  0.0028227609992134478,
                "message":  "Optimization terminated successfully.",
                "nfev":  427,
                "nit": 2,
                "success": true,
                "x": [ 1.67376206,  0.67142552,  1.6827476,  -0.02567774, -0.00295137,  0.50034207,
                  0.00384365, -0.11951616,  0.54645564,  0.07573395,  0.0565607 ]
            }
        },
        "10k 7n 41p chi Powell":{
            "2L":{
                "time": 2853.7677976,
                "fun": 0.0018893415251903228,
                "message": "Optimization terminated successfully.",
                "nfev": 164,
                "nit": 2,
                "status": 0,
                "success": true,
                "x": [ 1.93450703,  0.69134522, -0.46003449, -0.41420692,  0.12609238]
            },
            "4L":{
                "time":  6707.5853035,
                "fun":  0.002733910920499894,
                "message":  "Optimization terminated successfully.",
                "nfev":  360,
                "nit": 2,
                "success": true,
                "x": [ 1.53209874e+00,  7.40559775e-01,  4.96094346e+00, -1.99723553e-02,
                 -5.82629865e-03, -1.72973091e-02,  2.24568688e-01, -2.24388096e-02,
                 -3.98747139e-01,  1.21433633e-01, -4.05471963e-03]
            },
            "5L":{
                "time": 13996.7454485,
                "fun": 0.002285090748923255,
                "message": "Optimization terminated successfully.",
                "nfev": 778,
                "nit": 3,
                "status": 0,
                "success": true,
                "x": [ 1.74060647,  0.74292935,  2.42341974,  0.25313006,  0.01398817,
                     3.90614397,  0.01969996,  0.02538119, -1.06939573,  0.31414898,
                     0.11557085,  1.63932018, -0.05391471, -0.02596603]
            }
        },
        "10k 7n 41p log Powell":{
            "2L":{
                "time":5580.3812765,
                "fun": -6.0464633301822355,
                "message": "Optimization terminated successfully.",
                "nfev": 317,
                "nit": 4,
                "status": 0,
                "success": true,
                "x": [ 1.55178443,  0.75140342, -0.67612904,  0.07845902,  0.10810307]
            },
            "4L":{
                "time": 12982.1255721,
                "fun": -6.057369936561618,
                "message": "Optimization terminated successfully.",
                "nfev": 725,
                "nit": 3,
                "status": 0,
                "success": true,
                "x": [ 1.64344041,  0.77507802,  2.08044739,  0.19766032,  0.0061124 ,
                    -4.87434101,  0.02233182,  0.04077137, -0.3345755 , -0.05427605,
                    -0.03081267]
            }
        },
        "10k 7n 41p chi cal25 Powell":{
            "2L":{
                "time":  6224.887098 ,
                "fun":  0.0029010791712668275 ,
                "message": " Optimization terminated successfully. ",
                "nfev":  325 ,
                "nit": 4 ,
                "success": true ,
                "x": [ 1.41249804,  0.86614557,  3.23240874, -0.10070519, -0.00692977]
            },
            "4L":{
                "time":  8384.751238499999 ,
                "fun":  0.002497683662583154 ,
                "message": " Optimization terminated successfully. ",
                "nfev":  427 ,
                "nit": 2 ,
                "success": true ,
                "x": [ 1.72990716,  0.72089168,  0.94776562,  0.19330931,  0.04910583, -1.23490044,
                 -0.07638989,  0.00898923, -1.23606795, -0.07502572,  0.03696201]
            }
        },
        "50k 7n 41p chi Powell":{
            "2L":{
                "time":  8485.5153235 ,
                "fun":  0.005357928473904085 ,
                "message": " Optimization terminated successfully. ",
                "nfev":  153 ,
                "nit": 2 ,
                "success": true,
                "x": [ 1.81286646,  0.83062452,  1.4069031,  -0.4196477,  -0.10766435]
            },
            "4L":{
                "time":  41690.0683128 ,
                "fun":  0.0020983390700642078 ,
                "message": " Optimization terminated successfully. ",
                "nfev":  732 ,
                "nit": 4 ,
                "success": true ,
                "x": [ 2.17205503,  0.74795654, -0.69537107, -0.58860365,  0.13492783,  2.28867813,
                 -0.15618074,  0.10163276,  0.99606173,  0.1980429,   0.0719964 ]
            }
        },
        "50k 7n 41p chi cal50 Powell":{
        },
        "10k 7n 41p chi Powell p0prev":{
            "1L":{
                "time":  2442.0116332000002 ,
                "fun":  0.002082282553808099 ,
                "message": " Optimization terminated successfully. ",
                "nfev":  95 ,
                "nit": 3 ,
                "success": true ,
                "x": [1.61377597, 0.78295247]
                },
            "2L":{
                "time":  2221.4943810999994 ,
                "fun":  0.005578519911892825 ,
                "message": " Optimization terminated successfully. ",
                "nfev":  86 ,
                "nit": 1 ,
                "success": true ,