{
	"relu":{
		"1L":{
            "fun": 0.005278665824489797, 
            "nit": 5, 
            "nfev": 242, 
            "status": 0, 
            "success": true, 
            "x": [1.5955748795876148, 0.7895768487813402, 0.08329445227596055]
        },
        "2L":{
            "fun": 0.005362759285714287, 
            "nit": 5, 
            "nfev": 386, 
            "status": 0, 
            "success": true, 
            "x": [0.5568567076583505, -1.2461671688670317, -0.0008928110529153321, 1.0400447947681073, 2.046107299273949, 0.16862017043558986]
        },
        "3L":{
            "fun": 0.00545834566122449, 
            "nit": 4, 
            "nfev": 526, 
            "status": 0, 
            "success": true, 
            "x": [-0.9239235180266095, -0.8103263939122924, 0.00034424080300026697, 1.7694393927681662, 1.743440044322635, 0.05274748286820163, 0.7562270690836563, -0.14785030405003585, -1.2641893649988525]
        },
        "4L":{
            "fun": 0.0004033703020408161, 
            "nit": 6, 
            "nfev": 819, 
            "status": 0, 
            "success": true, 
            "x": [0.5970777159072729, 1.7116080076339248, 2.3028667710500477, -1.5029590504901817, 2.0778930042466928, -1.080997255171014, 1.4329789087566507, -0.7683578380074971, -1.639806210924101, 0.41769829214180415, 0.3339189700737939, -12.543618534153861]
        },
        "5L":{
            "fun": 0.005226878995918367, 
            "nit": 3, 
            "nfev": 596, 
            "status": 0, 
            "success": true, 
            "x": [-1.4487046179611045, -1.1760133707836797, 0.04719162574443166, 1.4845824226577617, 1.9494542777399444, -0.3765676994567616, 0.7053766241865009, -0.196794610676983, -0.46097148718653114, 0.27599641716773915, 0.26762909995266604, 1.0186338610689023, 0.6996854705798715, 0.019607887607144756, 1.7369579135340505]
        }
    },
    "tanh":{
        "1L":{
            "fun": 0.01917481097952927, 
            "nit": 3, 
            "nfev": 122, 
            "status": 0, 
            "success": true, 
            "message": "Optimization terminated successfully.", 
            "x": [0.2384070645628716, 1.5710073925349861, -0.19126778260179028]
        },
        "2L":{
            "fun": 0.019174804686595187, 
            "nit": 3, 
            "nfev": 251,
            "status": 0,
            "success": true,
            "message": "Optimization terminated successfully.",
            "x": [2.7060322693107217, 1.8405951010894517, 3.0624173181418035e-08, -2.467611847951091, -0.2697987746711213, 5.465516013360573]
        },
        "3L":{
            "fun": 0.01907632662140408,
            "nit": 5,
            "nfev": 534,
            "status": 0,
            "success": true,
            "message": "Optimization terminated successfully.",
            "x": [0.3105559485332743, -0.3091023799361215, 2.768510312327511, -0.06980064025211112, 0.6098245433034596, 0.154120846767068, 0.6177939635253447, 0.6664290920498936, 4.852608486561724]
        },
        "4L":{
            "fun": 0.0003490726267268867,
            "nit": 20,
            "nfev": 2972,
            "status": 0,
            "success": true,
            "message": "Optimization terminated successfully.",
            "x": [0.7899151070137848, 1.441640364909414, -0.2819381075486134, -1.0591725918927786, -3.0108313911015605, 1.8243932523358068, 0.5293709400517546, -3.135372294754921, 1.0242983398335992, -0.5293922230189926, 3.149793936494836, 376.88339132235194]
        }
    }
}
